{"baseline": [[25, 10, 2.4037421685838583, 1.7597381406264763], [50, 10, 2.5806975028673573, 1.737880725900019], [100, 10, 2.316156326619798, 1.5830519732655066], [150, 10, 2.2206373966585793, 1.5502202011671709], [200, 10, 2.2304358461852734, 1.537596330760377], [25, 5, 3.065126316857975, 2.2786476990234643], [50, 5, 2.896305456717647, 2.0051178035467982], [100, 5, 2.74485154575183, 1.8412532950537186], [150, 5, 2.8704708064303714, 2.0426626966202117], [200, 5, 2.763546556089141, 1.9693061395293103], [25, 1, 17.437034216001305, 9.993090469026377], [50, 1, 26.84748086896476, 13.290992097801281], [100, 1, 40.11046985544394, 19.302140375015934], [150, 1, 62.409618792044164, 34.86106618537601], [200, 1, 84.61560188832601, 49.63726666994288]], "ram200": [[25, 10, 2.4037421685838583, 1.7597381406264763], [50, 10, 2.5806975028673573, 1.737880725900019], [100, 10, 2.316156326619798, 1.5830519732655066], [150, 10, 2.2206373966585793, 1.5502202011671709], [200, 10, 2.2304358461852734, 1.537596330760377], [25, 5, 3.065126316857975, 2.2786476990234643], [50, 5, 2.896305456717647, 2.0051178035467982], [100, 5, 2.74485154575183, 1.8412532950537186], [150, 5, 2.8704708064303714, 2.0426626966202117], [200, 5, 2.763546556089141, 1.9693061395293103], [25, 1, 17.437034216001305, 9.993090469026377], [50, 1, 33.26898550266724, 18.49416283835879], [100, 1, 49.74049223633073, 27.215081981655167], [150, 1, 63.60080046301414, 32.31725594777545], [200, 1, 81.25140302503354, 43.04759008426025]], "cpu_rapido": [[25, 10, 0.8339814734699492, 0.5525766996878575], [50, 10, 1.0055043179999812, 0.8042790723665287], [100, 10, 1.0106477319041482, 0.8878790644528114], [150, 10, 1.0735329912545444, 0.9059557344367812], [200, 10, 1.0862032598488434, 0.9433118718216311], [25, 5, 0.853657403401643, 0.5557205074364051], [50, 5, 1.1572614776388186, 0.8702109059414745], [100, 5, 1.1162087176195057, 0.9246393320925423], [150, 5, 1.1647261647393705, 0.9271086966106022], [200, 5, 1.154144363609616, 0.9567275007266183], [25, 1, 2.0829337536032515, 1.3462953178143693], [50, 1, 2.773881330245646, 1.919331291221079], [100, 1, 4.294636231673257, 3.4503181923235102], [150, 1, 3.8647327590718024, 3.1805482684201545], [200, 1, 4.630057825784591, 3.3758711144612894]], "dos_cpus": [[25, 10, 2.120000000000001, 1.609807902043434], [50, 10, 2.2533333333333343, 1.5511827102097007], [100, 10, 2.025694991192808, 1.4327060193511685], [150, 10, 1.9504633274618657, 1.3736058714963089], [200, 10, 1.9945141622630667, 1.3811460992697104], [25, 5, 2.2912212814615427, 1.6569287998466524], [50, 5, 2.2547528842104407, 1.601116151135464], [100, 5, 2.001509825639857, 1.3800391191455428], [150, 5, 2.14095340263909, 1.5693398939069965], [200, 5, 2.1341633634987565, 1.5487500937080598], [25, 1, 3.2372147867332006, 2.0189616912489874], [50, 1, 3.7208166340840823, 2.109168943826533], [100, 1, 4.007343404010394, 2.7042120295411336], [150, 1, 6.0206718361383285, 4.8680965719123686], [200, 1, 5.601926932706565, 4.510343364073275]]}